SWIN,
CLRG,
DWCR,
CRUSC,
BLCN,
HNDL,
LEGR,
BVNSC,
GRBIC,
RPIBC,
ROBT,
DINT,
VETS,
CGVIC,
CIVEC,
DRIV,
AIQ,
DALI,
PETZC,
BCNA,
DWMC,
DWSH,
BND,
CHNA,
BPY,
DVLU,
DVOL,
BNDW,
IUS,
IUSS,
ISDX,
ISDS,
ISEM,
WBND,
FPXE,
FDNI,
TTTN,
BGRN,
EBIZ,
LDSF,
BKCH,
WINC,
EWJE,
EWJV,
GNOM,
CLOU,
ECOW,
GIGE,
SUSL,
HLAL,
PDEV,
PLC,
PSM,
WCLD,
POTX,
BSML,
BSMM,
BSMN,
BSMO,
BSMP,
BSMQ,
BSMR,
BSMS,
BSMT,
GXTG,
BUG,
HERO,
UFO,
ANGL,
BJK,
ESPO,
RTH,
SMH,
DWUS,
DWAW,
DWEQ,
BSCK,
BSCL,
BSCM,
BSCN,
BSCO,
BSCP,
BSCQ,
BCSR,
BSCS,
BSCT,
BSJK,
BSJL,
BSJM,
BSJN,
BSJO,
BSJP,
BSJQ,
BSJR,
BSAE,
BSBE,
BSCE,
BSDE,
LDEM,
SNUG,
IBTA,
IBTB,
IBTD,
IBTE,
IBTF,
IBTG,
IBTH,
IBTI,
IBTJ,
DMXF,
USXF,
DMXF,
USXF,
DMXF,
USXF,
CEFA,
SPQQ,
EDUT,
IBTK,
EDOC,
IBBJ,
QQQN,
BSCU,
BSJS,
BSMU,
QYLG,
CHB,
EMXF,
QQQJ,
QQQM,
CTEC,
VPN,
DEMZ,
VTRN,
SHLD,
EWEB,
JOET,
IHYF,
QQC,
QQD,
FICS,
SKYU,
UCYB,
WCBR,
KEJI,
REIT,
AQWA,
DAPP,
LGBT,
QQQA,
SPBC,
AADR,
IBBQ,
SOXQ,
QJUN,
YJUN,
WGRO,
HYDR,
KROP,
BKCH,
IBTL,
SPRX,
QTR,
QCLR,
QRMI,
