BKCH,
CLDL,
SUBZ,
UCYB,
WCBR,
BUZZ,
DAPP,
JFWD,
RIGZ,
BULZ,
BERZ,
SOXS,
CWEB,
TECS,
SSG,
REW,
KWEB,
EMQQ,
CQQQ,
KEMQ,
CHIK,
IWFH,
ARKK,
PSJ,
ITEQ,
VPOP,
IVES,
ARKW,
LRNZ,
OGIG,
IZRL,
XITK,
LOUP,
MOON,
TPAY,
SOCL,
BTEK,
ISRA,
IPAY,
XWEB,
CLOU,
ROBO,
DTEC,
THNQ,
PNQI,
IRBO,
HACK,
PTF,
GAMR,
WCLD,
IHAK,
MRAD,
FXL,
BUG,
PXQ,
SKYY,
FTXL,
FIVG,
XT,
XSW,
CIBR,
XNTK,
WFH,
LEGR,
KOIN,
AIQ,
FDN,
BLCN,
XSD,
ARMR,
IGV,
TDV,
SNSR,
WUGI,
PSCT,
IXN,
TDIV,
RYT,
IEUS,
VCLO,
VGT,
FTEC,
QTEC,
JHMT,
QQQ,
IGN,
XLK,
IGM,
QTUM,
SOXX,
SMH,
PSI,
PRNT,
IETC,
IYW,
BLOK,
USD,
SOXL,
ROM,
TECL,
